1.1,0.891207360061435
1.2,0.932039085967226
1.3,0.963558185417193
1.4,0.98544972998846
1.5,0.997494986604055
1.6,0.999573603041505
1.7,0.991664810452469
1.8,0.973847630878195
1.9,0.946300087687415
2,0.909297426825682
2.1,0.863209366648874
2.2,0.808496403819591
2.3,0.745705212176721
2.4,0.675463180551152
2.5,0.598472144103958
2.6,0.515501371821465
2.7,0.427379880233831
2.8,0.334988150155907
2.9,0.239249329213984
3,0.141120008059869
3.1,0.041580662433293
3.2,-0.058374143427578
3.3,-0.157745694143246
3.4,-0.255541102026829
3.5,-0.350783227689618
3.6,-0.44252044329485
3.7,-0.529836140908491
3.8,-0.611857890942717
3.9,-0.687766159183972
4,-0.756802495307926
4.1,-0.818277111064409
4.2,-0.871575772413586
4.3,-0.916165936749454
4.4,-0.951602073889515
4.5,-0.977530117665096
4.6,-0.993691003633464
4.7,-0.999923257564101
4.8,-0.996164608835841
4.9,-0.982452612624333
5,-0.958924274663139
5.1,-0.925814682327734
5.2,-0.883454655720155
5.3,-0.832267442223904
5.4,-0.77276448755599
5.5,-0.705540325570396
5.6,-0.631266637872324
5.7,-0.550685542597641
5.8,-0.464602179413761
5.9,-0.373876664830241
6,-0.279415498198931
6.09999999999999,-0.182162504272101
6.19999999999999,-0.083089402817503
6.3,0.016813900484345
6.4,0.116549204850488
6.5,0.21511998808781
6.59999999999999,0.311541363513373
6.69999999999999,0.404849920616593
6.79999999999999,0.494113351138603
6.89999999999999,0.578439764388194
7,0.656986598718785
7.09999999999999,0.728969040125872
7.19999999999999,0.793667863849149
7.29999999999999,0.850436620628561
7.39999999999999,0.898708095811624
7.49999999999999,0.937999976774736
7.59999999999999,0.967919672031485
7.69999999999999,0.988168233877
7.79999999999999,0.998543345374605
7.89999999999999,0.998941341839772
7.99999999999999,0.989358246623383
8.09999999999999,0.969889810845088
8.19999999999999,0.940730556679775
8.29999999999999,0.902171833756297
8.39999999999999,0.854598908088284
8.49999999999999,0.798487112623495
8.59999999999999,0.734397097874118
8.69999999999999,0.662969230082189
8.79999999999999,0.584917192891769
8.89999999999999,0.501020856457892
8.99999999999999,0.412118485241765
9.09999999999999,0.31909836234936
9.19999999999999,0.222889914100256
9.29999999999999,0.124454423507071
9.39999999999999,0.024775425453367
9.49999999999999,-0.075151120461801
9.59999999999999,-0.174326781222971
9.69999999999999,-0.271760626410934
9.79999999999999,-0.366479129251918
9.89999999999999,-0.457535893775312
9.99999999999999,-0.544021110889362
10.1,-0.625070648892875
10.2,-0.699874687593536
10.3,-0.767685809763576
10.4,-0.827826469085648
10.5,-0.879695759971665
10.6,-0.922775421612803
10.7,-0.956635016270185
10.8,-0.980936230066489
10.9,-0.995436253306376
11,-0.999990206550704
11.1,-0.99455258820399
11.2,-0.979177729151319
11.3,-0.954019249902093
11.4,-0.91932852566468
11.5,-0.875452174688434
11.6,-0.822828594968715
11.7,-0.76198358391904
11.8,-0.693525084777131
11.9,-0.618137112237043
12,-0.536572918000446
12.1,-0.449647464534613
12.2,-0.358229282236839
12.3,-0.263231791365813
12.4,-0.165604175448322
12.5,-0.066321897351213
12.6,0.033623047221124
12.7,0.13323204141993
12.8,0.231509825101525
12.9,0.327474439137681
13,0.42016703682663
13.1,0.508661464372363
13.2,0.592073514707213
13.3,0.669569762196592
13.4,0.740375889952439
13.5,0.803784426551612
13.6,0.859161814856489
13.7,0.905954742308457
13.8,0.9436956694441
13.9,0.972007501394973
14,0.990607355694868
14.1,0.999309388747917
14.2,0.998026652716363
14.3,0.986771964274616
14.4,0.965657776549281
14.5,0.934895055524688
14.6,0.89479117214051
14.7,0.845746831142942
14.8,0.788252067375326
14.9,0.722881349511987
15,0.650287840157128
15.1,0.57119686966
15.2,0.486398688853812
15.3,0.396740573130627
15.4,0.303118356745717
15.5,0.206467481937812
15.6,0.10775365229946
15.7,0.007963183785952
15.8,-0.091906850227666
15.9,-0.190858581374174
16,-0.28790331666505
16.1,-0.382071417183993
16.2,-0.472421986398454
16.3,-0.558052271286765
16.4,-0.638106682347937
16.5,-0.711785342369113
16.6,-0.778352078534287
16.7,-0.837141778019739
16.8,-0.887567033581496
16.9,-0.929124012734363
17,-0.961397491879552
17.1,-0.98406500508164
17.2,-0.996900066041595
17.3,-0.999774431073011
17.4,-0.992659380470635
17.5,-0.975626005468161
17.6,-0.94884449791813
17.7,-0.91258244979119
17.8,-0.86720217948559
17.9,-0.813157111661497
18,-0.750987246771688
18.1,-0.681313765555513
18.2,-0.604832822406295
18.3,-0.522308589626747
18.4,-0.434565622071909
18.5,-0.342480618469629
18.6,-0.246973661736638
18.7,-0.148999025814216
18.8,-0.049535640878385
18.9,0.050422687806797
19,0.149877209662935
19.1,0.247834207982943
19.2,0.343314928819879
19.3,0.435365360372877
19.4,0.523065765157681
19.5,0.605539869719587
19.6,0.681963620068123
19.7,0.751573415352137
19.8,0.813673737507095
19.9,0.867644100641659
20,0.91294525072762
20.1,0.949124553647888
20.2,0.975820517766972
20.3,0.992766405835905
20.4,0.999792900142669
20.5,0.996829794278801
20.6,0.98390669461862
20.7,0.961152724502121
20.8,0.928795234077248
20.9,0.887157528692359
21,0.836655638536068
21.1,0.777794161801106
21.2,0.711161222905995
21.3,0.637422596150255
21.4,0.557315053517676
21.5,0.471639003094215
21.6,0.38125049165496
21.7,0.287052651327749
21.8,0.189986675795459
21.9,0.091022416199866
22,-0.008851309290383
22.1,-0.108636595424059
22.2,-0.207336420606738
22.3,-0.303964608811027
22.4,-0.397555683121413
22.5,-0.487174512460491
22.6,-0.571925655109546
22.7,-0.650962305666231
22.8,-0.72349475604423
22.9,-0.788798285975403
23,-0.846220404175159
23.1,-0.895187367819671
23.2,-0.935209915194531
23.3,-0.965888154236065
23.4,-0.986915558120645
23.5,-0.998082027979395
23.6,-0.999275992136629
23.7,-0.990485520897159
23.8,-0.971798445743869
23.9,-0.943401481754563
24,-0.905578362006633
24.1,-0.858707002609942
24.2,-0.803255726693967
24.3,-0.73977858507791
24.4,-0.66890982037804
24.5,-0.591357529865144
24.6,-0.507896590390643
24.7,-0.419360916073251
24.8,-0.326635126104746
24.9,-0.230645705927416
25,-0.132351750097798
25.1,-0.03273537933087
25.2,0.06720807252545
25.3,0.166480003537135
25.4,0.264088521384449
25.5,0.359058354022145
25.6,0.450440594275367
25.7,0.537322181006451
25.8,0.61883502212002
25.9,0.694164668252224
26,0.762558450479587
26.1,0.823333000738067
26.2,0.875881079810877
26.3,0.91967764466201
26.4,0.954285094492689
26.5,0.979357643103912
26.6,0.994644773877835
26.7,0.999993742857021
26.8,0.995351104911562
26.9,0.980763247745158
27,0.95637592840451
27.1,0.922432816923097
27.2,0.879273061650736
27.3,0.827327900595395
27.4,0.767116352635546
27.5,0.699240031655116
27.6,0.624377135416414
27.7,0.543275669232269
27.8,0.456745972144218
27.9,0.365652620282644
28,0.270905788307896
28.1,0.17345215524592
28.2,0.074265445584386
28.3,-0.025663299860531
28.4,-0.125335626096404
28.5,-0.223755640186769
28.6,-0.319939961884171
28.7,-0.412927549240514
28.8,-0.50178930102055
28.9,-0.585637339974277
29,-0.663633884212946
29.1,-0.734999618048758
29.2,-0.799021478659597
29.3,-0.855059780777055
29.4,-0.902554608210173
29.5,-0.941031408342944
29.6,-0.970105733707178
29.7,-0.989487083254531
29.8,-0.998981804946948
29.9,-0.998495030663816
30,-0.988031624092866
30.1,-0.967696132133813
30.2,-0.937691740300291
30.3,-0.898318242557367
30.4,-0.849969045879343
30.5,-0.793127239457302
30.6,-0.728360767831615
30.7,-0.656316756177812
30.8,-0.577715044445758
30.9,-0.493340994956803
31,-0.404037645323091
31.1,-0.310697285094403
31.2,-0.214252540295915
31.3,-0.115667054937269
31.4,-0.01592586260013
31.5,0.083974455691715
31.6,0.183035728980557
31.7,0.280268169768992
31.8,0.374700263649432
31.9,0.46538847635493
32,0.551426681241664
32.1,0.631955213006857
32.2,0.706169457180309
32.3,0.773327889566203
32.4,0.832759485307764
32.5,0.883870423545814
32.6,0.926150020680515
32.7,0.95917583295307
32.8,0.982617877364134
32.9,0.99624192875486
33,0.999911860107268
33.1,0.993591002680399
33.2,0.977342512392266
33.3,0.951328738786791
33.4,0.91580960289083
33.5,0.871140000169194
33.6,0.817766254526462
33.7,0.756221658786086
33.8,0.687121146204765
33.9,0.611155146262619
34,0.529082686120054
34.1,0.441723806669256
34.2,0.349951368956695
34.3,0.254682332844063
34.4,0.156868595048445
34.5,0.05748747810496
34.6,-0.042468034716916
34.7,-0.141999220973967
34.8,-0.240111597953747
34.9,-0.335824859217108
35,-0.428182669496119
35.1,-0.516262220079897
35.2,-0.599183449214237
35.3,-0.676117835387743
35.4,-0.746296675644893
35.5,-0.809018766211886
35.6,-0.863657408692938
35.7,-0.909666671833513
35.8,-0.946586846284949
35.9,-0.974049037868318
36,-0.991778853443111
36.1,-0.999599142552802
36.2,-0.99743176745365
36.3,-0.98529838384121
36.4,-0.96332022447377
36.5,-0.931716887854718
36.6,-0.890804144076878
36.7,-0.840990779752121
36.8,-0.782774513550677
36.9,-0.716737023160682
37,-0.643538133357027
37.1,-0.563909223250292
37.2,-0.478645918588452
37.3,-0.388600142127376
37.4,-0.294671601500292
37.5,-0.197798799636497
37.6,-0.098949657550325
37.7,0.000888156805675
37.8,0.100717096992465
37.9,0.199539705238753
38,0.296368578709351
38.1,0.390236235307913
38.2,0.480204780438222
38.3,0.565375278136994
38.4,0.64489673294484
38.5,0.717974592771619
38.6,0.783878687798267
38.7,0.841950526092282
38.8,0.891609873041424
38.9,0.932360548866176
39,0.963795386284078
39.1,0.985600298790626
39.2,0.997557418907802
39.3,0.999547275043893
39.4,0.991549985214146
39.5,0.973645455694986
39.6,0.946012582626922
39.7,0.908927464543432
39.8,0.862760643685697
39.9,0.807973403667006
40,0.745113160479377
40.1,0.674807992893898
40.2,0.597760366905289
40.3,0.514740116923869
40.4,0.426576753844605
40.5,0.334151176848461
40.6,0.238386871748933
40.7,0.140240683827114
40.8,0.0406932573499
40.9,-0.059260762703344
41,-0.158622668804667
41.1,-0.256399669632977
41.2,-0.351614809716776
41.3,-0.443316730850289
41.4,-0.530589177750167
41.5,-0.612560152975436
41.6,-0.688410629637639
41.7,-0.757382734846803
41.8,-0.818787322126823
41.9,-0.872010857139253
42,-0.916521547915617
42.1,-0.951874658346951
42.2,-0.977716951840012
42.3,-0.993790220740541
42.4,-0.999933866258803
42.5,-0.996086503119598
42.6,-0.982286572903642
42.7,-0.958671959952005
42.8,-0.925478613671347
42.9,-0.883038191005439
43,-0.831774742628622
43.1,-0.772200475971634
43.2,-0.704910637414278
43.3,-0.630577564780361
43.4,-0.549943969560383
43.5,-0.463815515983865
43.6,-0.373052771088662
43.7,-0.278562606219598
43.8,-0.181289135869737
43.9,-0.082204284400486
44,0.017701925105371
44.1,0.117431262827053
44.2,0.215987266188176
44.3,0.31238519618145
44.4,0.405661876555297
44.5,0.494885317552591
44.6,0.579164028044236
44.7,0.657655923013832
44.8,0.729576737392824
44.9,0.794207862177793
45,0.850903524534096
45.1,0.89909724014456
45.2,0.938307473333537
45.3,0.968142448412179
45.4,0.98830406417163
45.5,0.998590872411768
45.6,0.998900090745023
45.7,0.989228629564024
45.8,0.969673122911931
45.9,0.94042896294702
46,0.901788347648828
46.1,0.854137361272527
46.2,0.797952116722661
46.3,0.733793998390403
46.4,0.662304052986275
46.5,0.584196584413326
46.6,0.50025201667863
46.7,0.411309096154612
46.8,0.318256511102529
46.9,0.222024012193124
47,0.123573122745273
47.1,0.023887531502789
47.2,-0.076036736058304
47.3,-0.175201269687105
47.4,-0.272615250143033
47.5,-0.367305349134145
47.6,-0.458325454491722
47.7,-0.544766123410269
47.8,-0.62576366929944
47.9,-0.700508791454934
48,-0.768254661323635
48.1,-0.828324384567618
48.2,-0.880117764368638
48.3,-0.92311729839634
48.3999999999999,-0.956893349520473
48.5,-0.981108438603087
48.6,-0.995520616478511
48.7,-0.999985881429445
48.8,-0.99445961800452
48.9,-0.97899704280114
49,-0.953752652759487
49.1,-0.918978681480172
49.2,-0.875022578989471
49.2999999999999,-0.82232354013352
49.4,-0.761408116288573
49.5,-0.692884954233732
49.6,-0.617438714753501
49.7,-0.535823231733557
49.8,-0.448853980101749
49.9,-0.357399927872158
50,-0.262374853703977
50.1,-0.164728216727181
50.2,-0.065435669860757
50.3,0.034510688588753
50.4,0.134112227645608
50.5,0.232373761655436
50.6,0.328313493851356
50.7,0.42097282614272
50.8,0.509425937110387
50.8999999999999,0.592789032508273
51,0.670229175843338
51.1,0.740972610801686
51.2,0.80431249236588
51.2999999999999,0.859615949376721
51.4,0.906330407972643
51.5,0.943989112725103
51.6,0.972215790304527
51.6999999999999,0.990728409079041
51.7999999999999,0.999341997081308
51.9,0.997970490187284
52,0.986627592040493
52.0999999999999,0.965426637129757
52.1999999999999,0.934579458388435
52.3,0.894394270629791
52.4,0.845272590966454
52.5,0.787705226984149
52.5999999999999,0.722267372754552
52.6999999999999,0.649612861686239
52.8,0.570467633637419
52.9,0.485622481564822
52.9999999999999,0.395925150181886
53.0999999999999,0.302271865573781
53.2,0.205598380402657
53.3,0.106870624176338
53.3999999999999,0.007075051999981
53.4999999999999,-0.092791211757252
53.5999999999999,-0.19173033639931
53.7,-0.288753754897689
53.7999999999999,-0.382892041326431
53.9,-0.473204597045521
53.9999999999999,-0.558789048851569
54.1,-0.6387902651926
54.1999999999999,-0.712408900359814
54.2999999999999,-0.778909381285706
54.3999999999999,-0.837627257146997
54.4999999999999,-0.887975838337637
54.5999999999999,-0.929452058477395
54.6999999999999,-0.961641500884849
54.8,-0.984222539291879
54.8999999999999,-0.99696955142702
55,-0.999755173358621
55.0999999999999,-0.992551572073146
55.1999999999999,-0.975430723573444
55.3,-0.948563693718324
55.3999999999999,-0.912218928989043
55.4999999999999,-0.866759574260788
55.5999999999999,-0.812639844379141
55.7,-0.750400485795476
55.7999999999999,-0.68066337360717
55.8999999999999,-0.604125297987172
55.9999999999999,-0.52155100208696
56.0999999999999,-0.433765540975735
56.2,-0.341646037962905
56.2999999999999,-0.246112920671921
56.3999999999999,-0.148120724431693
56.4999999999999,-0.048648554875144
56.6,0.051309694960643
56.6999999999999,0.150755275285113
56.7999999999999,0.248694558731996
56.8999999999999,0.344148968355527
56.9999999999999,0.436164755247774
57.0999999999999,0.523822528082484
57.1999999999999,0.606246439369295
57.2999999999999,0.682612936632363
57.3999999999999,0.752158991074437
57.5,0.814189721508402
57.5999999999999,0.868085337380393
57.6999999999999,0.913307331512139
57.7999999999999,0.949403860686683
57.8999999999999,0.976014260316438
57.9999999999999,0.99287264808453
58.0999999999999,0.999810580553024
58.1999999999999,0.99675873619407
58.2999999999999,0.983747608027697
58.3999999999999,0.960907198945636
58.4999999999999,0.9284657227654
58.5999999999999,0.886747323993258
58.6999999999999,0.836168839079466
58.7999999999999,0.777235631526262
58.8999999999999,0.710536542462789
58.9999999999999,0.636738007139182
59.0999999999999,0.556577396125847
59.1999999999999,0.470855647750443
59.2999999999999,0.380429265386901
59.3999999999999,0.286201759556808
59.4999999999999,0.189114620350947
59.5999999999999,0.090137910371529
59.6999999999999,-0.009739427812697
59.7999999999999,-0.109519452853645
59.8999999999999,-0.208205195723997
60,-0.304810621102156
60.0999999999999,-0.398370479511264
60.1999999999999,-0.487949951772868
60.2999999999999,-0.572653989411168
60.3999999999999,-0.651636257681512
60.4999999999999,-0.724107591867405
60.5999999999999,-0.789343882353512
60.6999999999999,-0.846693309689539
60.7999999999999,-0.895582857354745
60.8999999999999,-0.935524037149595
60.9999999999999,-0.966117770008376
61.0999999999999,-0.987058373465312
61.1999999999999,-0.9981366159327
61.2999999999999,-0.999241807273787
61.3999999999999,-0.990362904782021
61.4999999999999,-0.971588623516124
61.5999999999999,-0.943106549888553
61.6999999999999,-0.905201267364073
61.7999999999999,-0.858251512995847
61.8999999999999,-0.802726393210002
61.9999999999999,-0.739180696649266
62.0999999999999,-0.668249350908263
62.1999999999999,-0.590641078546851
62.2999999999999,-0.507131315768581
62.3999999999999,-0.418554464518483
62.4999999999999,-0.325795555414622
62.5999999999999,-0.22978140481475
62.6999999999999,-0.131471354373603
62.7999999999999,-0.031847685618214
62.8999999999999,0.068094194684434
62.9999999999999,0.167355700302744
63.0999999999999,0.264945043084068
63.1999999999999,0.359887142574083
63.2999999999999,0.451233368698364
63.3999999999999,0.538071020160539
63.4999999999999,0.619532443851901
63.5999999999999,0.694803704154493
63.6999999999999,0.763132715516742
63.7999999999999,0.823836757043681
63.8999999999999,0.87630929401847
63.9999999999999,0.920026038196766
64.0999999999999,0.954550186321574
64.1999999999999,0.979536784516995
64.2999999999999,0.994736174953336
64.3999999999999,0.999996490345606
64.4999999999999,0.995265171361235
64.5999999999999,0.980589491775545
64.6999999999999,0.956116086127827
64.7999999999999,0.92208948459748
64.8999999999999,0.878849669739287
64.9999999999999,0.826828679490143
65.0999999999999,0.766546290388758
65.1999999999999,0.698604824140315
65.2999999999999,0.623683129417123
65.3999999999999,0.542529799027029
65.4999999999999,0.455955690221553
65.5999999999999,0.364825822878309
65.6999999999999,0.270050736508234
65.7999999999999,0.172577392445888
65.8999999999999,0.073379712124724
65.9999999999999,-0.026551154023896
66.0999999999999,-0.12621672981814
66.1999999999999,-0.224621189769759
66.2999999999999,-0.320781309043078
66.3999999999999,-0.413736287512642
66.4999999999999,-0.502557349760426
66.5999999999999,-0.586357025092765
66.6999999999999,-0.664298014854251
66.7999999999999,-0.735601558439031
66.8999999999999,-0.799555214409436
66.9999999999999,-0.855519978975285
67.0999999999999,-0.902936670708512
67.1999999999999,-0.941331517699201
67.2999999999999,-0.970320891327874
67.3999999999999,-0.989615139355837
67.4999999999999,-0.999021480034632
67.5999999999999,-0.998445928317515
67.6999999999999,-0.987894234926995
67.7999999999999,-0.9674718288955
67.8999999999999,-0.937382764153351
67.9999999999999,-0.897927680689323
68.0999999999999,-0.849500800655281
68.1999999999999,-0.792585989428723
68.2999999999999,-0.72775192098988
68.3999999999999,-0.655646395919317
68.4999999999999,-0.576989868788601
68.5999999999999,-0.492568249616453
68.6999999999999,-0.403225051315554
68.7999999999999,-0.309852961590378
68.8999999999999,-0.213384923496776
68.9999999999999,-0.114784813783258
69.0999999999999,-0.015037812153246
69.1999999999999,0.084859442324961
69.2999999999999,0.183908809306273
69.3999999999999,0.281120620257153
69.4999999999999,0.375523566896559
69.5999999999999,0.466174406187109
69.6999999999999,0.552167384907809
69.7999999999999,0.632643289640793
69.8999999999999,0.706798031747742
69.9999999999999,0.773890681557835
70.0999999999999,0.833250871492059
70.1999999999999,0.884285494154445
70.2999999999999,0.926484628465166
70.3999999999999,0.959426634623359
70.4999999999999,0.982782366992677
70.5999999999999,0.996318462815665
70.6999999999999,0.999899673897294
70.7999999999999,0.993490217960229
70.8999999999999,0.977154136169511
70.9999999999999,0.951054653254401
71.0999999999999,0.915452546620839
71.1999999999999,0.870703540749827
71.2999999999999,0.817254752915959
71.3999999999999,0.755640225739468
71.4999999999999,0.686475591208837
71.5999999999999,0.610451919489499
71.6999999999999,0.528328813979209
71.7999999999999,0.440926821601913
71.8999999999999,0.349119234174212
71.9999999999999,0.253823362762119
72.0999999999999,0.155991372212141
72.1999999999999,0.056600767434926
72.2999999999999,-0.043355373500787
72.3999999999999,-0.142878321875848
72.4999999999999,-0.240973677288018
72.5999999999999,-0.336661303372048
72.6999999999999,-0.428985120998202
72.7999999999999,-0.517022661098971
72.8999999999999,-0.599894281675019
72.9999999999999,-0.676771956887245
73.0999999999999,-0.746887550417329
73.1999999999999,-0.809540490431833
73.2999999999999,-0.864104769464452
73.3999999999999,-0.910035199275649
73.4999999999999,-0.94687285819332
73.5999999999999,-0.974249676506481
73.6999999999999,-0.991892114096112
73.7999999999999,-0.999623893557637
73.8999999999999,-0.997367761506461
73.9999999999999,-0.985146260468262
74.0999999999999,-0.96308150364152
74.1999999999999,-0.931393954782814
74.2999999999999,-0.890400225405828
74.3999999999999,-0.840509911303763
74.4999999999999,-0.782221500003595
74.5999999999999,-0.716117390043434
74.6999999999999,-0.642858071838904
74.7999999999999,-0.563175528281187
74.8999999999999,-0.477865921005952
74.9999999999999,-0.387781635409509
75.0999999999999,-0.293822763895608
75.1999999999999,-0.196928112449767
75.2999999999999,-0.098065820400109
75.3999999999999,0.001776312910752
75.4999999999999,0.101600697890165
75.5999999999999,0.200409922280985
75.6999999999999,0.2972167169751
75.7999999999999,0.39105382047997
75.8999999999999,0.480983643475825
75.9999999999999,0.56610763689811
76.0999999999999,0.645575269942815
76.1999999999999,0.718592528289075
76.2999999999999,0.784429847627769
76.3999999999999,0.842429403227008
76.4999999999999,0.892011682699332
76.5999999999999,0.932681276297985
76.6999999999999,0.964031826887313
76.7999999999999,0.985750090128934
76.8999999999999,0.997619064315646
76.9999999999999,0.999520158580734
77.0999999999999,0.991434377818721
77.1999999999999,0.973442512478175
77.2999999999999,0.945724331330263
77.3999999999999,0.908556785278595
77.4999999999999,0.862311240157372
77.5999999999999,0.807449766166697
77.6999999999999,0.744520521019882
77.7999999999999,0.674152272932809
77.8999999999999,0.597048118179695
77.9999999999999,0.513978455987608
78.0999999999999,0.425773290961983
78.1999999999999,0.333313939954991
78.2999999999999,0.237524226238922
78.3999999999999,0.139361248969344
78.4999999999999,0.039805820166755
78.5999999999999,-0.060147335232872
78.6999999999999,-0.159499518340932
78.7999999999999,-0.257258034985246
78.8999999999999,-0.352446114382188
78.9999999999999,-0.444112668707432
79.0999999999999,-0.531341796051069
79.1999999999999,-0.613261931806822
79.2999999999999,-0.689054557057392
79.3999999999999,-0.757962376944999
79.4999999999999,-0.819296887311232
79.5999999999999,-0.872445254002986
79.6999999999999,-0.916876436108808
79.7999999999999,-0.952146491944079
79.8999999999999,-0.97790301476963
79.9999999999999,-0.993888653923366
80.0999999999999,-0.999943686183006
80.1999999999999,-0.996007611667743
80.2999999999999,-0.982119758333039
80.3999999999999,-0.958418889018703
80.4999999999999,-0.925141814976451
80.5999999999999,-0.882621029730185
80.6999999999999,-0.831281386910578
80.7999999999999,-0.771635855258046
80.8999999999999,-0.704280393208686
80.9999999999999,-0.62988799427452
81.0999999999999,-0.549201962714862
81.1999999999999,-0.463028486685791
81.2999999999999,-0.37222858307461
81.3999999999999,-0.277709494503772
81.4999999999999,-0.180415624462393
81.5999999999999,-0.081319101138875
81.6999999999999,0.018589935762701
81.7999999999999,0.118313228171166
81.8999999999999,0.216854373912884
81.9999999999999,0.313228782433004
82.0999999999999,0.40647351249871
82.1999999999999,0.495656893589808
82.2999999999999,0.579887834842554
82.3999999999999,0.658324728534976
82.4999999999999,0.730183859153109
82.5999999999999,0.794747234017267
82.6999999999999,0.851369757227634
82.7999999999999,0.899485675249215
82.8999999999999,0.938614229734132
82.9999999999999,0.968364461100164
83.0999999999999,0.988439114869612
83.1999999999999,0.998637611737816
83.2999999999999,0.998858051695241
83.3999999999999,0.989098232178701
83.4999999999999,0.969455670078639
83.5999999999999,0.940126627382586
83.6999999999999,0.901404150190277
83.7999999999999,0.853675140693857
83.8999999999999,0.797416491379115
83.9999999999999,0.73319032007336
84.0999999999999,0.66163835344992
84.1999999999999,0.58347551510738
84.2999999999999,0.499482782289238
84.3999999999999,0.41049938261753
84.4999999999999,0.317414408807764
84.5999999999999,0.22115793514843
84.6999999999999,0.122691724506201
84.7999999999999,0.022999618709184
84.8999999999999,-0.076922291675298
84.9999999999999,-0.176075619948489
85.0999999999999,-0.273469658830031
85.1999999999999,-0.36813127927758
85.2999999999999,-0.459114653670622
85.3999999999999,-0.545510706207303
85.4999999999999,-0.626456196089425
85.5999999999999,-0.70114234273912
85.6999999999999,-0.768822906866999
85.7999999999999,-0.828821646648536
85.8999999999999,-0.880539074508764
85.9999999999999,-0.923458447004022
86.0999999999999,-0.957150927951598
86.1999999999999,-0.981279873219109
86.2999999999999,-0.995604194361416
86.3999999999999,-0.999980767496656
86.4999999999999,-0.994365863352763
86.5999999999999,-0.978815584195902
86.6999999999999,-0.953485303275172
86.7999999999999,-0.918628112384455
86.8999999999999,-0.874592293052868
86.9999999999999,-0.821817836630879
87.0999999999999,-0.760832048042125
87.1999999999999,-0.692244277126981
87.2999999999999,-0.616739830220319
87.3999999999999,-0.535073122797168
87.4999999999999,-0.448060141602698
87.5999999999999,-0.356570291582313
87.6999999999999,-0.261517709074917
87.7999999999999,-0.163852128064707
87.8999999999999,-0.064549390753173
87.9999999999999,0.035398302733561
88.0999999999999,0.134992308080519
88.1999999999999,0.233237514907646
88.2999999999999,0.329152289583889
88.3999999999999,0.421778283385904
88.4999999999999,0.510190008001677
88.5999999999999,0.593504082703905
88.6999999999999,0.67088806079811
88.7999999999999,0.741568747154929
88.8999999999999,0.804839923720223
88.9999999999999,0.860069405812402
89.0999999999999,0.906705358702853
89.1999999999999,0.944281811366093
89.2999999999999,0.972423312308225
89.3999999999999,0.990848680954187
89.4999999999999,0.99937381711108
89.5999999999999,0.997913540436464
89.6999999999999,0.986482441532164
89.7999999999999,0.965194736159819
89.8999999999999,0.934263124034721
89.9999999999999,0.893996663600603
90.0999999999999,0.844797684019795
90.1999999999999,0.787157765233241
90.2999999999999,0.721652826256247
90.3999999999999,0.648937370786
90.4999999999999,0.569737947617045
90.5999999999999,0.484845891205827
90.6999999999999,0.395109414918411
90.7999999999999,0.301425135962952
90.8999999999999,0.20472911668684
90.9999999999999,0.105987511751256
91.0999999999999,0.006186914633066
91.1999999999999,-0.093675500091029
91.2999999999999,-0.192601940183204
91.3999999999999,-0.289603965354806
91.4999999999999,-0.383712363434939
91.5999999999999,-0.47398683441806
91.6999999999999,-0.559525385630906
91.7999999999999,-0.639473344145017
91.8999999999999,-0.713031896386216
91.9999999999999,-0.779466069615742
92.0999999999999,-0.838112075534885
92.1999999999999,-0.888383942638309
92.2999999999999,-0.929779371047573
92.3999999999999,-0.961884751325528
92.4999999999999,-0.984379297125067
92.5999999999999,-0.997038250380263
92.6999999999999,-0.999735127014688
92.7999999999999,-0.992442980728479
92.8999999999999,-0.975234672236865
92.9999999999999,-0.948282141269979
93.0999999999999,-0.911854688607928
93.1999999999999,-0.866316285316386
93.2999999999999,-0.81212193606806
93.3999999999999,-0.749813132886364
93.4999999999999,-0.680012444736126
93.5999999999999,-0.603417297020323
93.6999999999999,-0.520793003135922
93.7999999999999,-0.432965117715477
93.8999999999999,-0.340811187958058
93.9999999999999,-0.245251985467751
94.0999999999999,-0.147242306208191
94.1999999999999,-0.047761430496834
94.2999999999999,0.052196661640231
94.3999999999999,0.151633221988095
94.4999999999999,0.249554713305147
94.5999999999999,0.344982736418662
94.6999999999999,0.436963806066012
94.7999999999999,0.524578877804194
94.8999999999999,0.606952530798067
94.9999999999999,0.683261714736048
95.0999999999999,0.752743973476671
95.1999999999999,0.814705063258392
95.2999999999999,0.868525889353732
95.3999999999999,0.91366869185913
95.4999999999999,0.949682418814193
95.5999999999999,0.97620723296373
95.6999999999999,0.992978107132704
95.7999999999999,0.999827472290131
95.8999999999999,0.996686891843456
95.9999999999999,0.983587745434363
96.0999999999999,0.960660915403774
96.1999999999999,0.92813547905875
96.2999999999999,0.886336419807765
96.3999999999999,0.835681380033935
96.4999999999999,0.776676488150335
96.5999999999999,0.709911301532258
96.6999999999999,0.636052915854749
96.7999999999999,0.555839299693148
96.8999999999999,0.47007192098507
96.9999999999999,0.379607739027627
97.0999999999999,0.285350642023442
97.1999999999999,0.188242415728554
97.2999999999999,0.089253333440362
97.3999999999999,-0.010627538652322
97.4999999999999,-0.11040222389179
97.5999999999999,-0.209073806604268
97.6999999999999,-0.305656392951754
97.7999999999999,-0.399184961657451
97.8999999999999,-0.488725006179257
97.9999999999999,-0.57338187199033
98.0999999999999,-0.652309695671334
98.1999999999999,-0.724719856498096
98.2999999999999,-0.789888856079274
98.3999999999999,-0.84716554731304
98.4999999999999,-0.895977640433753
98.5999999999999,-0.935837421142089
98.6999999999999,-0.966346623685091
98.7999999999999,-0.987200410195959
98.8999999999999,-0.998190416533217
98.9999999999999,-0.999206834186358
99.0999999999999,-0.990239507446174
99.1999999999999,-0.971378034877252
99.2999999999999,-0.94281087407872
99.3999999999999,-0.904823458678238
99.4999999999999,-0.857795346373513
99.5999999999999,-0.80219642651726
99.6999999999999,-0.738582225138138
99.7999999999999,-0.66758835430826
99.8999999999999,-0.589924161317494
99.9999999999999,-0.506365641109857
100.1,-0.417747682798464
100.2,-0.324955727729586
100.3,-0.228916922445317
100.4,-0.130590854941835
100.5,-0.030959966783385
100.6,0.068980263129174
100.7,0.168231265054376
100.8,0.265801355789018
100.9,0.360715647238875
101,0.452025787178249
